num,ms,ok
2,27.017593,true
2,7.236719,true
2,13.488770,true
2,40.096521,true
2,126.832485,true
2,462.294817,true
2,1736.687422,true
2,6929.767132,true
2,28551.449776,true
2,119823.484898,true
