num,ms,ok
2,30.443668,true
2,9.792566,true
2,15.617609,true
2,41.733742,true
2,112.577677,true
2,337.006330,true
2,999.014378,true
2,3055.272579,true
2,9254.061460,true
2,27928.732157,true
2,77111.401796,true
2,214932.393551,true
2,586065.535069,true
